Molecule ID,Connectivity,Inhibition class,MaxAbsEStateIndex,MaxEStateIndex,MinAbsEStateIndex,MinEStateIndex,qed,SPS,MolWt,HeavyAtomMolWt,ExactMolWt,NumValenceElectrons,NumRadicalElectrons,MaxPartialCharge,MinPartialCharge,MaxAbsPartialCharge,MinAbsPartialCharge,FpDensityMorgan1,FpDensityMorgan2,FpDensityMorgan3,BCUT2D_MWHI,BCUT2D_MWLOW,BCUT2D_CHGHI,BCUT2D_CHGLO,BCUT2D_LOGPHI,BCUT2D_LOGPLOW,BCUT2D_MRHI,BCUT2D_MRLOW,AvgIpc,BalabanJ,BertzCT,Chi0,Chi0n,Chi0v,Chi1,Chi1n,Chi1v,Chi2n,Chi2v,Chi3n,Chi3v,Chi4n,Chi4v,HallKierAlpha,Ipc,Kappa1,Kappa2,Kappa3,LabuteASA,PEOE_VSA1,PEOE_VSA10,PEOE_VSA11,PEOE_VSA12,PEOE_VSA13,PEOE_VSA14,PEOE_VSA2,PEOE_VSA3,PEOE_VSA4,PEOE_VSA5,PEOE_VSA6,PEOE_VSA7,PEOE_VSA8,PEOE_VSA9,SMR_VSA1,SMR_VSA10,SMR_VSA2,SMR_VSA3,SMR_VSA4,SMR_VSA5,SMR_VSA6,SMR_VSA7,SMR_VSA8,SMR_VSA9,SlogP_VSA1,SlogP_VSA10,SlogP_VSA11,SlogP_VSA12,SlogP_VSA2,SlogP_VSA3,SlogP_VSA4,SlogP_VSA5,SlogP_VSA6,SlogP_VSA7,SlogP_VSA8,SlogP_VSA9,TPSA,EState_VSA1,EState_VSA10,EState_VSA11,EState_VSA2,EState_VSA3,EState_VSA4,EState_VSA5,EState_VSA6,EState_VSA7,EState_VSA8,EState_VSA9,VSA_EState1,VSA_EState10,VSA_EState2,VSA_EState3,VSA_EState4,VSA_EState5,VSA_EState6,VSA_EState7,VSA_EState8,VSA_EState9,FractionCSP3,HeavyAtomCount,NHOHCount,NOCount,NumAliphaticCarbocycles,NumAliphaticHeterocycles,NumAliphaticRings,NumAmideBonds,NumAromaticCarbocycles,NumAromaticHeterocycles,NumAromaticRings,NumAtomStereoCenters,NumBridgeheadAtoms,NumHAcceptors,NumHDonors,NumHeteroatoms,NumHeterocycles,NumRotatableBonds,NumSaturatedCarbocycles,NumSaturatedHeterocycles,NumSaturatedRings,NumSpiroAtoms,NumUnspecifiedAtomStereoCenters,Phi,RingCount,MolLogP,MolMR,fr_Al_COO,fr_Al_OH,fr_Al_OH_noTert,fr_ArN,fr_Ar_COO,fr_Ar_N,fr_Ar_NH,fr_Ar_OH,fr_COO,fr_COO2,fr_C_O,fr_C_O_noCOO,fr_C_S,fr_HOCCN,fr_Imine,fr_NH0,fr_NH1,fr_NH2,fr_N_O,fr_Ndealkylation1,fr_Ndealkylation2,fr_Nhpyrrole,fr_SH,fr_aldehyde,fr_alkyl_carbamate,fr_alkyl_halide,fr_allylic_oxid,fr_amide,fr_amidine,fr_aniline,fr_aryl_methyl,fr_azide,fr_azo,fr_barbitur,fr_benzene,fr_benzodiazepine,fr_bicyclic,fr_diazo,fr_dihydropyridine,fr_epoxide,fr_ester,fr_ether,fr_furan,fr_guanido,fr_halogen,fr_hdrzine,fr_hdrzone,fr_imidazole,fr_imide,fr_isocyan,fr_isothiocyan,fr_ketone,fr_ketone_Topliss,fr_lactam,fr_lactone,fr_methoxy,fr_morpholine,fr_nitrile,fr_nitro,fr_nitro_arom,fr_nitro_arom_nonortho,fr_nitroso,fr_oxazole,fr_oxime,fr_para_hydroxylation,fr_phenol,fr_phenol_noOrthoHbond,fr_phos_acid,fr_phos_ester,fr_piperdine,fr_piperzine,fr_priamide,fr_prisulfonamd,fr_pyridine,fr_quatN,fr_sulfide,fr_sulfonamd,fr_sulfone,fr_term_acetylene,fr_tetrazole,fr_thiazole,fr_thiocyan,fr_thiophene,fr_unbrch_alkane,fr_urea
5a,0,non,12.94927316,12.94927316,0.118522594,-0.25741668,0.379207616,10.7,417.896,397.736,417.1244046,150,0,0.271895456,-0.35028002,0.35028002,0.271895456,0.833333333,1.466666667,2.133333333,35.49569187,10.04269734,2.189726606,-2.078618694,2.274568421,-2.160211289,6.310209227,-0.115702633,3.113374053,1.58159826,1187.292977,20.92407448,16.11422812,16.87015706,14.59735679,9.613738385,9.991702858,6.902810405,7.339246186,4.786507917,5.02160502,3.371995081,3.544098105,-3.57,9462515.119,19.73373806,8.842262986,4.526800712,178.6222197,15.61755573,5.693927995,0,5.907179729,5.907179729,0,9.589074368,0,0,0,47.9991423,54.44884259,33.72115242,0,9.589074368,45.69299683,0,4.983978521,0,12.84164325,10.63357721,95.14278469,0,0,10.63357721,11.37477255,0,11.60093989,16.79833798,11.21535881,0,22.47273829,78.86277189,5.022633314,10.90292493,0,73.99,0,9.589074368,0,18.23518108,22.82476921,22.1537627,0,6.066367068,72.79640482,15.61755573,11.60093989,0,6.185556777,28.56666096,7.190910893,3.446599337,-0.375939274,23.96187591,0.635446507,0,0,0.083333333,30,3,5,0,0,0,2,3,1,4,0,0,2,3,6,1,6,0,0,0,0,0,5.816363389,4,5.6449,121.0966,0,0,0,0,0,1,1,0,0,0,2,2,0,0,0,0,3,0,0,0,0,1,0,0,0,0,0,2,0,2,1,0,0,0,3,0,1,0,0,0,0,0,0,0,1,0,0,0,0,0,0,0,0,0,0,0,0,0,0,0,0,0,0,0,2,0,0,0,0,0,0,0,0,0,0,0,0,0,0,0,0,0,0,0,0
5b,0,non,13.09805028,13.09805028,0.113870008,-0.252764093,0.32730148,10.84375,445.95,421.758,445.1557047,162,0,0.271895609,-0.35028002,0.35028002,0.271895609,0.875,1.53125,2.1875,35.49569197,10.04165153,2.191546938,-2.087053807,2.276437472,-2.161816366,6.310224874,-0.115702691,3.099106787,1.578668984,1309.678437,22.66456146,17.95952758,18.71545652,15.38505049,10.43510559,10.81307006,7.909719053,8.346154833,5.275076175,5.510173277,3.77465993,3.946762954,-3.57,18315225.26,21.6540788,9.28398992,5.006314293,191.352104,15.61755573,5.693927995,0,5.907179729,5.907179729,0,9.589074368,0,0,0,35.86640816,79.42321998,33.72115242,0,9.589074368,45.69299683,0,4.983978521,0,26.68911765,10.63357721,94.13695354,0,0,10.63357721,11.37477255,0,11.60093989,16.79833798,11.21535881,13.8474744,33.59964128,66.73003775,5.022633314,10.90292493,0,73.99,0,9.589074368,0,18.23518108,17.13738293,38.96805196,0,6.066367068,74.51114508,15.61755573,11.60093989,0,6.217778688,28.88629598,7.287925164,5.615482118,-0.366634101,20.72421498,0.631642626,3.947738979,0,0.153846154,32,3,5,0,0,0,2,3,1,4,0,0,2,3,6,1,6,0,0,0,0,0,6.282382791,4,6.26174,130.5706,0,0,0,0,0,1,1,0,0,0,2,2,0,0,0,0,3,0,0,0,0,1,0,0,0,0,0,2,0,2,3,0,0,0,3,0,1,0,0,0,0,0,0,0,1,0,0,0,0,0,0,0,0,0,0,0,0,0,0,0,0,0,0,0,0,0,0,0,0,0,0,0,0,0,0,0,0,0,0,0,0,0,0,0,0
5c,0,non,13.0661015,13.0661015,0.11562605,-0.254520135,0.32730148,10.84375,445.95,421.758,445.1557047,162,0,0.271895458,-0.35028002,0.35028002,0.271895458,0.84375,1.4375,2.0625,35.49569197,10.04198661,2.190898604,-2.084216224,2.275900203,-2.161008386,6.310221854,-0.115703464,3.131002716,1.561611933,1275.178437,22.66456146,17.95952758,18.71545652,15.38505049,10.43510559,10.81307006,7.902810405,8.339246186,5.342063473,5.577160576,3.602811778,3.774914801,-3.57,19248703.36,21.6540788,9.28398992,5.006314293,191.352104,15.61755573,5.693927995,0,5.907179729,5.907179729,0,9.589074368,0,0,0,46.99331115,68.29631699,33.72115242,0,9.589074368,45.69299683,0,4.983978521,0,26.68911765,10.63357721,94.13695354,0,0,10.63357721,11.37477255,0,11.60093989,16.79833798,11.21535881,13.8474744,33.59964128,66.73003775,5.022633314,10.90292493,0,73.99,0,9.589074368,0,18.23518108,22.82476921,33.28066568,0,6.066367068,74.51114508,15.61755573,11.60093989,0,6.213106735,28.81792585,7.258044966,5.709479326,-0.370146185,20.6944402,0.63178855,3.989805006,0,0.153846154,32,3,5,0,0,0,2,3,1,4,0,0,2,3,6,1,6,0,0,0,0,0,6.282382791,4,6.26174,130.5706,0,0,0,0,0,1,1,0,0,0,2,2,0,0,0,0,3,0,0,0,0,1,0,0,0,0,0,2,0,2,3,0,0,0,3,0,1,0,0,0,0,0,0,0,1,0,0,0,0,0,0,0,0,0,0,0,0,0,0,0,0,0,0,0,0,0,0,0,0,0,0,0,0,0,0,0,0,0,0,0,0,0,0,0,0
5d,0,non,13.2468274,13.2468274,0.109217421,-0.248111507,0.285318591,10.97058824,474.004,445.78,473.1870048,174,0,0.271895763,-0.35028002,0.35028002,0.271895763,0.794117647,1.352941176,1.941176471,35.49569207,10.03939344,2.193802338,-2.098502371,2.279142112,-2.163666246,6.310241274,-0.115702755,3.082182978,1.586824817,1364.046164,24.40504844,19.80482704,20.56075599,16.17274419,11.2564728,11.63443727,8.923536347,9.359972128,5.682305453,5.917402556,4.422719014,4.594822038,-3.57,35014091.78,23.58357954,9.735600864,5.488350074,204.0819882,15.61755573,5.693927995,0,5.907179729,5.907179729,0,9.589074368,0,0,0,23.73367403,104.3975974,33.72115242,0,9.589074368,45.69299683,0,4.983978521,0,40.53659204,10.63357721,93.13112238,0,0,10.63357721,11.37477255,0,11.60093989,16.79833798,11.21535881,27.6949488,44.72654426,54.59730362,5.022633314,10.90292493,0,73.99,0,9.589074368,0,18.23518108,17.13738293,50.09495494,0,6.066367068,64.09315121,27.75028987,11.60093989,0,6.250000599,29.20593101,7.384939436,7.850056509,-0.357328928,17.33160319,0.627838745,7.984737218,0,0.214285714,34,3,5,0,0,0,2,3,1,4,0,0,2,3,6,1,6,0,0,0,0,0,6.752950509,4,6.87858,140.0446,0,0,0,0,0,1,1,0,0,0,2,2,0,0,0,0,3,0,0,0,0,1,0,0,0,0,0,2,0,2,5,0,0,0,3,0,1,0,0,0,0,0,0,0,1,0,0,0,0,0,0,0,0,0,0,0,0,0,0,0,0,0,0,0,0,0,0,0,0,0,0,0,0,0,0,0,0,0,0,0,0,0,0,0,0
5e,0,non,13.48297432,13.48297432,0.051810647,-0.471785285,0.33861662,10.84375,453.876,435.732,453.1055609,162,0,0.271897051,-0.35028002,0.35028002,0.271897051,0.875,1.53125,2.1875,35.49569201,10.04256816,2.192844306,-2.08188575,2.276225024,-2.162216623,6.310216622,-0.115703477,3.099106787,1.578668984,1319.850769,22.66456146,16.71545652,17.47138547,15.38505049,9.813070063,10.19103454,7.191454295,7.627890075,4.888164809,5.123261912,3.461493454,3.633596478,-3.71,18315225.26,21.51933728,9.195599892,4.948802638,186.9532905,15.61755573,17.32836968,0,5.907179729,5.907179729,0,9.589074368,8.780830095,0,0,23.73367403,66.58157673,33.72115242,0,18.36990446,45.69299683,0,4.983978521,0,12.84164325,10.63357721,94.64449224,0,0,10.63357721,20.15560264,0,11.60093989,16.79833798,11.21535881,11.63444168,22.47273829,66.73003775,5.022633314,10.90292493,0,73.99,17.54162141,18.36990446,0,24.44275097,32.86378229,0,36.39820241,30.33183534,0,15.61755573,11.60093989,26.83185778,6.140609063,28.41472792,6.499264313,2.192349324,-1.724281349,16.30854783,0.281369573,0,0,0.083333333,32,3,5,0,0,0,2,3,1,4,0,0,2,3,8,1,6,0,0,0,0,0,6.183850487,4,5.9231,121.0126,0,0,0,0,0,1,1,0,0,0,2,2,0,0,0,0,3,0,0,0,0,1,0,0,0,0,0,2,0,2,1,0,0,0,3,0,1,0,0,0,0,0,0,0,3,0,0,0,0,0,0,0,0,0,0,0,0,0,0,0,0,0,0,0,0,0,0,0,0,0,0,0,0,0,0,0,0,0,0,0,0,0,0,0,0
5f,0,non,13.15280083,13.15280083,0.090943769,-0.418635781,0.33861662,10.84375,453.876,435.732,453.1055609,162,0,0.27189548,-0.35028002,0.35028002,0.27189548,0.84375,1.4375,2.0625,35.49569201,10.04260868,2.191641151,-2.080909493,2.275766903,-2.161207853,6.310215549,-0.115704852,3.131002716,1.561611933,1285.350769,22.66456146,16.71545652,17.47138547,15.38505049,9.813070063,10.19103454,7.184545647,7.620981428,4.927373121,5.162470224,3.395466602,3.567569626,-3.71,19248703.36,21.51933728,9.195599892,4.948802638,186.9532905,15.61755573,17.32836968,0,5.907179729,5.907179729,0,9.589074368,8.780830095,0,0,11.60093989,78.71431087,33.72115242,0,18.36990446,45.69299683,0,4.983978521,0,12.84164325,10.63357721,94.64449224,0,0,10.63357721,20.15560264,0,11.60093989,16.79833798,11.21535881,11.63444168,22.47273829,66.73003775,5.022633314,10.90292493,0,73.99,17.54162141,18.36990446,0,18.74882298,33.17148607,5.386224214,48.53093655,18.19910121,0,15.61755573,11.60093989,26.20443459,6.146991531,28.44367919,6.666949314,2.547110541,-1.497833191,16.07873477,0.3543777,0,0,0.083333333,32,3,5,0,0,0,2,3,1,4,0,0,2,3,8,1,6,0,0,0,0,0,6.183850487,4,5.9231,121.0126,0,0,0,0,0,1,1,0,0,0,2,2,0,0,0,0,3,0,0,0,0,1,0,0,0,0,0,2,0,2,1,0,0,0,3,0,1,0,0,0,0,0,0,0,3,0,0,0,0,0,0,0,0,0,0,0,0,0,0,0,0,0,0,0,0,0,0,0,0,0,0,0,0,0,0,0,0,0,0,0,0,0,0,0,0
5g,0,non,13.04030589,13.04030589,0.170064615,-0.328853268,0.27570212,10.84375,486.786,468.642,485.0464599,162,0,0.271896257,-0.35028002,0.35028002,0.271896257,0.78125,1.40625,2.0625,35.4978779,10.04265519,2.192209339,-2.083951515,2.279203128,-2.160985041,6.315400955,-0.115702464,3.099106787,1.578668984,1317.095882,22.66456146,16.71545652,18.98324336,15.38505049,9.813070063,10.94696348,7.191454295,8.500761636,4.888164809,5.593456118,3.461493454,4.014172174,-2.99,18315225.26,22.21276378,9.652900079,5.247519478,199.2287522,15.61755573,5.693927995,0,5.907179729,5.907179729,0,9.589074368,0,0,0,46.93555381,66.58157673,43.76641905,0,9.589074368,68.89487661,0,4.983978521,0,12.84164325,10.63357721,93.05531718,0,0,10.63357721,11.37477255,0,34.80281967,16.79833798,11.21535881,0,22.47273829,66.73003775,15.06789994,10.90292493,0,73.99,0,9.589074368,0,18.23518108,44.1208736,10.90292493,0,60.66367068,6.066367068,15.61755573,34.80281967,0,18.19018497,28.72037389,8.064305368,3.031662171,-0.51881245,19.17055432,0.508398404,0,0,0.083333333,32,3,5,0,0,0,2,3,1,4,0,0,2,3,8,1,6,0,0,0,0,0,6.700549664,4,6.9517,131.1166,0,0,0,0,0,1,1,0,0,0,2,2,0,0,0,0,3,0,0,0,0,1,0,0,0,0,0,2,0,2,1,0,0,0,3,0,1,0,0,0,0,0,0,0,3,0,0,0,0,0,0,0,0,0,0,0,0,0,0,0,0,0,0,0,0,0,0,0,0,0,0,0,0,0,0,0,0,0,0,0,0,0,0,0,0
5h,2,specific,13.0206236,13.0206236,0.173370444,-0.312264529,0.27570212,10.84375,486.786,468.642,485.0464599,162,0,0.271895468,-0.35028002,0.35028002,0.271895468,0.75,1.3125,1.9375,35.49787789,10.04266838,2.19128215,-2.08220935,2.277781573,-2.160594896,6.313814151,-0.115702949,3.131002716,1.561611933,1282.595882,22.66456146,16.71545652,18.98324336,15.38505049,9.813070063,10.94696348,7.184545647,8.493852989,4.927373121,5.666422855,3.395466602,3.819545941,-2.99,19248703.36,22.21276378,9.652900079,5.247519478,199.2287522,15.61755573,5.693927995,0,5.907179729,5.907179729,0,9.589074368,0,0,0,34.80281967,78.71431087,43.76641905,0,9.589074368,68.89487661,0,4.983978521,0,12.84164325,10.63357721,93.05531718,0,0,10.63357721,11.37477255,0,34.80281967,16.79833798,11.21535881,0,22.47273829,66.73003775,15.06789994,10.90292493,0,73.99,0,9.589074368,0,18.23518108,38.55742211,16.46637642,0,60.66367068,6.066367068,15.61755573,34.80281967,0,17.99590754,28.68624647,8.221968323,3.143602583,-0.485634973,19.0703957,0.534181029,0,0,0.083333333,32,3,5,0,0,0,2,3,1,4,0,0,2,3,8,1,6,0,0,0,0,0,6.700549664,4,6.9517,131.1166,0,0,0,0,0,1,1,0,0,0,2,2,0,0,0,0,3,0,0,0,0,1,0,0,0,0,0,2,0,2,1,0,0,0,3,0,1,0,0,0,0,0,0,0,3,0,0,0,0,0,0,0,0,0,0,0,0,0,0,0,0,0,0,0,0,0,0,0,0,0,0,0,0,0,0,0,0,0,0,0,0,0,0,0,0
5i,0,non,13.04994488,13.04994488,0.136140506,-0.275034591,0.228096412,10.84375,575.688,557.544,572.9454287,162,0,0.271895465,-0.35028002,0.35028002,0.271895465,0.84375,1.4375,2.0625,79.91976193,10.04268707,2.191193683,-2.082605696,2.27808046,-2.16064592,9.104492591,-0.11570288,3.131002716,1.561611933,1285.350769,22.66456146,16.71545652,20.64337855,15.38505049,9.813070063,11.77703108,7.184545647,9.452332485,4.927373121,6.21980125,3.395466602,4.096235139,-2.61,19248703.36,22.57919608,9.896934864,5.408093135,206.3573149,15.61755573,5.693927995,0,5.907179729,5.907179729,0,9.589074368,0,0,0,43.46082769,78.71431087,42.66659145,0,9.589074368,77.55288463,0,4.983978521,0,12.84164325,10.63357721,91.95548959,0,0,10.63357721,11.37477255,0,43.46082769,16.79833798,11.21535881,0,22.47273829,75.67547678,5.022633314,10.90292493,0,73.99,0,9.589074368,0,18.23518108,28.51215548,25.41181546,0,6.066367068,60.66367068,47.47744352,11.60093989,1.861876467,12.97147604,28.77114501,7.18415801,3.352374798,-0.411175097,20.11747702,0.597112194,0,0,0.083333333,32,3,5,0,0,0,2,3,1,4,0,0,2,3,8,1,6,0,0,0,0,0,6.983276029,4,7.1699,136.4966,0,0,0,0,0,1,1,0,0,0,2,2,0,0,0,0,3,0,0,0,0,1,0,0,0,0,0,2,0,2,1,0,0,0,3,0,1,0,0,0,0,0,0,0,3,0,0,0,0,0,0,0,0,0,0,0,0,0,0,0,0,0,0,0,0,0,0,0,0,0,0,0,0,0,0,0,0,0,0,0,0,0,0,0,0
5j,0,non,13.06351644,13.06351644,0.118908363,-0.257802448,0.196636242,10.84375,669.688,651.544,668.9177005,162,0,0.271895464,-0.35028002,0.35028002,0.271895464,0.84375,1.4375,2.0625,126.9137224,10.04269123,2.1911769,-2.082685207,2.276731842,-2.161054557,14.11313778,-0.115702808,3.131002716,1.561611933,1285.350769,22.66456146,16.71545652,21.78638205,15.38505049,9.813070063,12.34853283,7.184545647,10.11224587,4.927373121,6.600802418,3.395466602,4.286735723,-2.11,19248703.36,23.06180267,10.22078152,5.622396799,217.145896,15.61755573,5.693927995,0,5.907179729,5.907179729,0,9.589074368,0,0,0,11.60093989,123.8960521,40.86151696,0,9.589074368,90.87473808,0,4.983978521,0,12.84164325,10.63357721,90.1504151,0,0,10.63357721,11.37477255,0,56.78268114,16.79833798,11.21535881,7.140364542,22.47273829,66.73003775,5.022633314,10.90292493,0,73.99,0,9.589074368,0,18.23518108,22.82476921,29.29412724,0,6.066367068,60.66367068,60.79929698,11.60093989,2.181236328,10.64588203,28.81044091,7.246223053,3.449006508,-0.376710811,20.60212609,0.626240333,0,0,0.083333333,32,3,5,0,0,0,2,3,1,4,0,0,2,3,8,1,6,0,0,0,0,0,7.365926455,4,6.8541,146.5306,0,0,0,0,0,1,1,0,0,0,2,2,0,0,0,0,3,0,0,0,0,1,0,0,0,0,0,2,0,2,1,0,0,0,3,0,1,0,0,0,0,0,0,0,3,0,0,0,0,0,0,0,0,0,0,0,0,0,0,0,0,0,0,0,0,0,0,0,0,0,0,0,0,0,0,0,0,0,0,0,0,0,0,0,0
5k,0,non,13.12102685,13.12102685,0.163835681,-0.302729767,0.30497655,10.67647059,477.948,453.756,477.1455339,174,0,0.271895488,-0.496765888,0.496765888,0.271895488,0.852941176,1.441176471,2.029411765,35.49569209,10.04253922,2.192081662,-2.08828899,2.278997707,-2.160913612,6.310230546,-0.115704482,3.211673331,1.532522051,1314.640782,24.07877502,18.77602416,19.5319531,16.46106009,10.65985046,11.03781493,7.627762678,8.064198459,5.418966854,5.654063957,3.677726735,3.849829759,-3.97,57271586.58,23.19702318,10.31200877,5.322450448,201.5791944,25.09128164,17.19295166,0,5.907179729,5.907179729,0,9.589074368,0,0,0,11.60093989,78.71431087,33.72115242,14.21959508,19.06280028,45.69299683,0,4.983978521,0,12.84164325,24.85317229,83.01005055,0,11.49902367,20.10730312,11.37477255,11.49902367,11.60093989,31.01793306,11.21535881,0,22.47273829,66.73003775,5.022633314,10.90292493,0,92.45,0,9.589074368,0,18.23518108,40.01117915,16.46637642,0,74.88326577,6.066367068,15.61755573,21.0746658,10.30177265,6.216731625,28.90679996,7.127038555,3.198610162,0.93898902,19.54051384,0.543658545,0,3.170330085,0.153846154,34,3,7,0,0,0,2,3,1,4,0,0,4,3,8,1,8,0,0,0,0,0,7.035526664,4,5.6621,134.2006,0,0,0,0,0,1,1,0,0,0,2,2,0,0,0,0,3,0,0,0,0,1,0,0,0,0,0,2,0,2,1,0,0,0,3,0,1,0,0,0,0,2,0,0,1,0,0,0,0,0,0,0,0,0,0,2,0,0,0,0,0,0,0,0,0,0,0,0,0,0,0,0,0,0,0,0,0,0,0,0,0,0,0,0,0
5l,1,specific,12.92192055,12.92192055,0.154564835,-0.29345892,0.42994263,10.7,419.872,401.728,419.1149025,150,0,0.271897166,-0.35028002,0.35028002,0.271897166,0.9,1.533333333,2.2,35.49569188,10.04317699,2.190240595,-2.076849187,2.274053858,-2.161045445,6.31020237,-0.115702846,3.113374053,1.58159826,1192.369828,20.92407448,15.85395477,16.60988371,14.59735679,9.313200611,9.691165084,6.642537058,7.078972838,4.599570877,4.834667979,3.199517671,3.371620695,-3.71,9462515.119,19.5997035,8.752136718,4.470198501,177.0615157,15.61755573,5.693927995,0,5.907179729,5.907179729,0,19.55703141,0,0,0,11.60093989,54.44884259,58.5085267,0,9.589074368,45.69299683,0,14.95193556,0,12.84164325,10.63357721,83.53195657,0,0,10.63357721,11.37477255,0,11.60093989,26.76629502,11.21535881,0,22.47273829,67.25194377,5.022633314,10.90292493,0,99.77,0,9.589074368,0,18.23518108,28.51215548,16.46637642,0,61.1855767,6.066367068,25.58551277,11.60093989,0,6.172695172,36.36738293,7.059467418,3.230776033,-0.448023755,12.22761217,7.001201136,0,0,0.090909091,30,3,7,0,0,0,2,1,3,4,0,0,4,3,8,3,6,0,0,0,0,0,5.717976155,4,4.4349,116.6866,0,0,0,0,0,3,1,0,0,0,2,2,0,0,0,2,3,0,0,0,0,1,0,0,0,0,0,2,0,2,1,0,0,0,1,0,1,0,0,0,0,0,0,0,1,0,0,0,0,0,0,0,0,0,0,0,0,0,0,0,0,0,0,0,0,0,0,0,0,0,0,0,0,2,0,0,0,0,0,0,0,0,0,0,0
5m,0,non,13.70806168,13.70806168,0.042045558,-0.589604848,0.54916185,16.54761905,604.148,561.812,603.2823617,230,0,0.409903734,-0.44368728,0.44368728,0.409903734,0.761904762,1.238095238,1.738095238,35.49569254,10.03461218,2.312417092,-2.355661595,2.284015065,-2.515600317,6.309908045,-0.132453893,3.266735127,1.408556372,1328.12784,30.819262,25.41942722,26.17535616,19.60899402,14.44136537,14.81932984,12.77622692,13.2126627,7.17355949,7.408656593,5.093805768,5.265908792,-3.47,1065175490,31.46532889,12.40852609,7.873660061,251.555072,34.05734335,16.89602962,0,5.907179729,5.907179729,12.18648014,9.589074368,9.589074368,0,0,11.60093989,71.72579752,74.70443112,0,28.65187464,46.50470442,0,24.58361744,0,65.58616807,52.35805125,34.47911401,0,0,0,9.589074368,0,11.60093989,112.1446099,20.68908471,0,64.01516149,18.19910121,5.022633314,10.90292493,0,115.49,11.20210162,19.17814874,0,30.42166122,69.49543418,16.46637642,0,25.66600599,53.67515734,4.983978521,21.0746658,10.92201898,6.307159414,61.71392451,1.345464175,0.7756703,-0.222985202,5.396291018,-0.204113009,14.07768093,0,0.6,42,1,11,0,2,2,4,1,1,2,0,0,6,1,12,3,4,0,2,2,0,0,9.296151298,4,4.5261,159.7272,0,0,0,0,0,1,1,0,0,0,4,4,0,0,0,4,1,0,0,0,0,1,0,0,0,0,0,4,0,0,1,0,0,0,1,0,1,0,0,0,0,2,0,0,1,0,0,0,0,0,0,0,0,0,0,0,0,0,0,0,0,0,0,0,0,0,0,0,0,0,2,0,0,0,0,0,0,0,0,0,0,0,0,0,0
5n,0,non,12.98958129,12.98958129,0.040225865,0.040225865,0.889505727,17.42307692,373.884,349.692,373.1557047,138,0,0.270088114,-0.350284511,0.350284511,0.270088114,1,1.653846154,2.346153846,35.49569167,10.03986466,2.258277836,-2.16779944,2.284979689,-2.29417643,6.30983169,-0.129581153,3.388457382,1.630008321,832.9390275,18.09564736,14.89200686,15.64793581,12.63103029,9.504495839,9.882460312,7.255660106,7.692095886,5.522955253,5.758052356,4.097059407,4.269162431,-2.01,1671529.415,17.40613796,7.312787602,3.323712509,157.8358489,14.78379798,5.693927995,0,5.907179729,5.907179729,0,9.589074368,0,0,0,11.60093989,55.86666081,48.52540549,0,9.589074368,34.31822428,0,14.78379798,0,38.52492974,26.17902562,34.47911401,0,0,0,0,0,11.60093989,52.77718307,11.21535881,0,48.15602479,18.19910121,5.022633314,10.90292493,0,56.41,0,9.589074368,0,11.81435946,23.55820455,68.32868854,0,0,27.99892067,4.983978521,11.60093989,0,6.188510248,32.58661608,1.595425747,2.449911082,0.219345815,5.622715836,5.283477889,3.331775076,0,0.5,26,1,5,0,2,2,2,1,1,2,0,0,2,1,6,3,4,0,2,2,0,0,4.895668841,4,3.6123,102.5812,0,0,0,0,0,1,1,0,0,0,2,2,0,0,0,2,1,0,0,0,2,1,0,0,0,0,0,2,0,0,1,0,0,0,1,0,1,0,0,0,0,0,0,0,1,0,0,0,0,0,0,0,0,0,0,0,0,0,0,0,0,0,0,0,0,0,0,0,0,0,0,0,0,0,0,0,0,0,0,0,0,0,0,0,0
5o,0,non,13.11572913,13.11572913,0.051440802,-0.051440802,0.844696331,17.89285714,405.882,381.69,405.1455339,150,0,0.27024896,-0.377774214,0.377774214,0.27024896,1,1.642857143,2.321428571,35.4956918,10.0366807,2.253351552,-2.27330179,2.279084472,-2.412500839,6.309833734,-0.134713931,3.099631586,1.593454392,869.7031104,19.50986092,15.70850345,16.46443239,13.63103029,9.659196378,10.03716085,7.066191415,7.502627195,5.332998362,5.568095465,3.789500561,3.961603585,-2.09,3914264.361,19.23617346,8.508909818,4.014678479,168.0629394,24.25752389,5.693927995,0,5.907179729,5.907179729,0,9.589074368,0,0,0,11.60093989,30.18337432,48.52540549,26.42752786,19.06280028,34.31822428,0,14.78379798,0,12.84164325,52.60655348,34.47911401,0,0,0,0,0,11.60093989,79.20471092,20.68908471,0,22.47273829,18.19910121,5.022633314,10.90292493,0,74.87,0,9.589074368,0,11.81435946,76.16475804,16.46637642,0,10.9662768,17.03264387,4.983978521,21.0746658,10.66975429,6.19780458,32.59621022,1.510661321,2.263311445,0.036012482,5.532865438,0.838099017,4.633058986,0,0.5,28,1,7,0,2,2,2,1,1,2,0,0,4,1,8,3,4,0,2,2,0,0,5.845673759,4,2.0851,105.7512,0,0,0,0,0,1,1,0,0,0,2,2,0,0,0,2,1,0,0,0,0,1,0,0,0,0,0,2,0,0,1,0,0,0,1,0,1,0,0,0,0,2,0,0,1,0,0,0,0,0,0,0,0,0,0,0,2,0,0,0,0,0,0,0,0,0,0,0,0,0,0,0,0,0,0,0,0,0,0,0,0,0,0,0,0
5p,0,non,13.15177137,13.15177137,0.001440802,-0.001440802,0.71696443,17.89285714,403.914,377.706,403.1775028,150,0,0.270178031,-0.3502845,0.3502845,0.270178031,0.964285714,1.607142857,2.285714286,35.49569179,10.03549949,2.249860518,-2.279085967,2.277858755,-2.466060066,6.30983718,-0.131224207,3.099631586,1.593454392,868.8483575,19.50986092,15.89200686,16.64793581,13.63103029,9.918709402,10.29667387,7.341446543,7.777882324,5.544820098,5.779917201,3.99246678,4.164569804,-2.09,3914264.361,19.23617346,8.508909818,4.014678479,168.9355733,25.41737519,5.693927995,0,5.907179729,5.907179729,0,9.589074368,0,0,0,11.60093989,30.18337432,74.70443112,0,9.589074368,34.31822428,0,25.41737519,0,12.84164325,52.35805125,34.47911401,0,0,10.63357721,0,0,11.60093989,78.95620869,11.21535881,0,22.47273829,18.19910121,5.022633314,10.90292493,0,80.47,0,9.589074368,0,11.81435946,36.64771737,55.73491486,0,0,27.99892067,15.61755573,11.60093989,0,6.213013487,32.84023179,8.08745577,2.365093065,0.136012482,5.592765703,0.914255637,6.128949847,0,0.5,28,3,7,0,2,2,2,1,1,2,0,0,4,3,8,3,4,0,2,2,0,0,5.845673759,4,1.2311,109.8526,0,0,0,0,0,1,1,0,0,0,2,2,0,0,0,2,3,0,0,0,0,1,0,0,0,0,0,2,0,0,1,0,0,0,1,0,1,0,0,0,0,0,0,0,1,0,0,0,0,0,0,0,0,0,0,0,0,0,0,0,0,0,0,0,0,0,0,0,0,0,2,0,0,0,0,0,0,0,0,0,0,0,0,0,0
6a,0,non,13.39890788,13.39890788,0.022809339,-4.679819677,0.226088902,11.5,554.783,537.647,553.0338445,186,0,0.417419158,-0.350267356,0.417419158,0.350267356,0.833333333,1.388888889,1.944444444,35.49787889,10.02728254,2.340538326,-2.097138362,2.383758603,-2.160612119,6.321939519,-0.1369751,3.168086098,1.656944616,1433.699601,26.03480495,18.27199967,20.53978651,17.00705896,10.54668344,11.68057686,7.870037159,9.150108846,5.358366826,6.175028465,3.663903604,4.186686194,-3.2,86821424.87,25.87986642,10.42231036,5.950094413,218.0903005,15.61755573,5.693927995,0,5.907179729,5.907179729,6.176298517,9.589074368,0,13.17124514,0,34.80281967,72.6479438,38.74378573,10.58608481,22.76031951,68.89487661,0,4.983978521,0,19.01794176,10.63357721,92.5524016,0,0,10.63357721,24.54601769,0,34.80281967,16.79833798,17.39165732,0,28.03618979,60.66367068,15.06789994,10.90292493,0,73.99,22.66956305,22.76031951,0,29.95945169,32.36971488,12.13273414,0,48.53093655,0,15.61755573,34.80281967,40.19672363,17.67366182,28.39517774,6.189578129,0.383399867,-0.944394946,14.85518371,-4.665996617,0,0,0.12,36,3,5,0,0,0,2,3,1,4,0,0,2,3,11,1,6,0,0,0,0,0,7.492444443,4,7.9705,136.1186,0,0,0,0,0,1,1,0,0,0,2,2,0,0,0,0,3,0,0,0,0,1,0,0,0,3,0,2,0,2,1,0,0,0,3,0,1,0,0,0,0,0,0,0,6,0,0,0,0,0,0,0,0,0,0,0,0,0,0,0,0,0,0,0,0,0,0,0,0,0,0,0,0,0,0,0,0,0,0,0,0,0,0,0,0
6b,0,non,13.76767111,13.76767111,0.023081472,-4.712176627,0.456332343,16.56521739,672.145,630.817,671.2697464,254,0,0.417419158,-0.44368728,0.44368728,0.417419158,0.760869565,1.217391304,1.673913043,35.49569307,10.02116847,2.355943551,-2.355664029,2.385674135,-2.515600439,6.31961111,-0.137072038,3.296591534,1.507692305,1480.526993,34.18950549,26.97597037,27.73189931,21.23100249,15.17497875,15.55294322,13.46171843,13.86891856,7.604553195,7.917262204,5.36224277,5.633049045,-3.68,4791689313,35.17924239,13.20622495,8.56339246,270.4166204,34.05734335,16.89602962,0,5.907179729,5.907179729,18.36277866,9.589074368,9.589074368,13.17124514,0,11.60093989,65.65943045,69.6817978,10.58608481,41.82311979,46.50470442,0,24.58361744,0,71.76246658,52.35805125,33.97619843,0,0,0,22.76031951,0,11.60093989,112.1446099,26.86538323,0,69.57861298,12.13273414,5.022633314,10.90292493,0,115.49,46.05814482,32.34939388,0,56.13847731,37.12870133,6.066367068,20.76609626,46.44233293,0,4.983978521,21.0746658,51.80118547,6.056349229,60.9180274,-0.202683973,-1.846732792,-0.681745175,2.044594503,-5.62377151,12.56255463,0,0.612903226,46,1,11,0,2,2,4,1,1,2,0,0,6,1,15,3,4,0,2,2,0,0,10.09967367,4,5.5449,164.7292,0,0,0,0,0,1,1,0,0,0,4,4,0,0,0,4,1,0,0,0,0,1,0,0,0,3,0,4,0,0,1,0,0,0,1,0,1,0,0,0,0,2,0,0,4,0,0,0,0,0,0,0,0,0,0,0,0,0,0,0,0,0,0,0,0,0,0,0,0,0,2,0,0,0,0,0,0,0,0,0,0,0,0,0,0
6c,0,non,13.35739964,13.35739964,0.04219435,-4.613569769,0.638746211,17.75,471.911,446.711,471.1648874,174,0,0.417419158,-0.350271837,0.417419158,0.350271837,0.96875,1.5625,2.15625,35.49569231,10.02180238,2.344993655,-2.279108679,2.383781478,-2.466060258,6.319533059,-0.137051762,3.138260196,1.685518161,1011.009266,22.88010441,17.44855001,18.20447896,15.25303876,10.65232278,11.03028725,8.026938055,8.434138182,5.975813803,6.288522812,4.260903782,4.531710057,-2.3,17666296,22.87835199,9.2850343,4.717302542,187.7971216,25.41737519,5.693927995,0,5.907179729,5.907179729,6.176298517,9.589074368,0,13.17124514,0,11.60093989,24.11700725,69.6817978,10.58608481,22.76031951,34.31822428,0,25.41737519,0,19.01794176,52.35805125,33.97619843,0,0,10.63357721,13.17124514,0,11.60093989,78.95620869,17.39165732,0,28.03618979,12.13273414,5.022633314,10.90292493,0,80.47,16.76238332,22.76031951,0,35.86663142,50.21821414,19.15587988,6.066367068,9.799819462,0,15.61755573,11.60093989,40.07219893,5.962203302,32.2083172,6.363915791,-0.018142813,-0.322747491,2.183737667,-4.219672101,4.964633954,0,0.523809524,32,3,7,0,2,2,2,1,1,2,0,0,4,3,11,3,4,0,2,2,0,0,6.638321343,4,2.2499,114.8546,0,0,0,0,0,1,1,0,0,0,2,2,0,0,0,2,3,0,0,0,0,1,0,0,0,3,0,2,0,0,1,0,0,0,1,0,1,0,0,0,0,0,0,0,4,0,0,0,0,0,0,0,0,0,0,0,0,0,0,0,0,0,0,0,0,0,0,0,0,0,2,0,0,0,0,0,0,0,0,0,0,0,0,0,0
7a,1,specific,13.34393016,13.34393016,0.031849918,-4.5551416,0.249386951,11.45714286,520.338,502.194,519.0728168,180,0,0.415933631,-0.350281085,0.415933631,0.350281085,0.828571429,1.4,1.971428571,35.49678542,10.02239044,2.31182966,-2.091731808,2.337124499,-2.161140967,6.305404717,-0.1370761,3.18011183,1.629957361,1382.351979,25.16456146,17.97138547,19.48324336,16.59637535,10.44103454,11.19696348,7.752761961,8.625633522,5.292653522,5.796606153,3.599573367,3.851549683,-3.49,61208146.65,24.62878003,10.01376803,5.959125866,207.7870343,15.61755573,5.693927995,0,5.907179729,5.907179729,6.176298517,9.589074368,0,13.17124514,0,23.20187978,78.71431087,38.74378573,5.563451492,22.76031951,57.29393672,0,4.983978521,0,19.01794176,10.63357721,93.59613536,0,0,10.63357721,24.54601769,0,23.20187978,16.79833798,17.39165732,0,28.03618979,66.73003775,10.04526663,10.90292493,0,73.99,17.64692974,22.76031951,0,29.82897518,32.50019139,12.13273414,6.066367068,48.53093655,0,15.61755573,23.20187978,40.03179047,11.72621506,28.44197727,6.630447549,0.87882887,-0.913982991,16.09602126,-4.585741923,0,0,0.12,35,3,5,0,0,0,2,3,1,4,0,0,2,3,10,1,6,0,0,0,0,0,7.046482577,4,7.3171,131.1086,0,0,0,0,0,1,1,0,0,0,2,2,0,0,0,0,3,0,0,0,0,1,0,0,0,3,0,2,0,2,1,0,0,0,3,0,1,0,0,0,0,0,0,0,5,0,0,0,0,0,0,0,0,0,0,0,0,0,0,0,0,0,0,0,0,0,0,0,0,0,0,0,0,0,0,0,0,0,0,0,0,0,0,0,0
7b,0,non,13.29211267,13.29211267,0.040616418,-4.540763248,0.390494249,11.36363636,453.424,435.28,453.1412595,168,0,0.415933631,-0.350281085,0.415933631,0.350281085,0.878787879,1.484848485,2.090909091,19.4131864,10.02270761,2.311643688,-2.088459904,2.335757678,-2.161585788,6.078560978,-0.137076065,3.163463171,1.647576711,1288.20331,23.42407448,17.10988371,17.10988371,15.80868165,9.941165084,9.941165084,7.210753371,7.210753371,4.964851278,4.964851278,3.403624436,3.403624436,-4.21,30101541.53,22.00076097,9.110199419,5.170518832,185.6197978,15.61755573,5.693927995,0,5.907179729,5.907179729,6.176298517,19.55703141,0,13.17124514,0,0,54.44884259,53.48589339,5.563451492,22.76031951,34.09205694,0,14.95193556,0,19.01794176,10.63357721,84.07277474,0,0,10.63357721,24.54601769,0,0,26.76629502,17.39165732,0,28.03618979,67.25194377,0,10.90292493,0,99.77,17.64692974,22.76031951,0,29.82897518,22.45492476,12.13273414,30.85374135,24.26546827,0,25.58551277,0,39.876338,0,35.9946242,5.629352042,0.977163254,-0.876371772,9.629226741,1.519667531,0,0,0.130434783,33,3,7,0,0,0,2,1,3,4,0,0,4,3,10,3,6,0,0,0,0,0,6.073676357,4,4.8003,116.6786,0,0,0,0,0,3,1,0,0,0,2,2,0,0,0,2,3,0,0,0,0,1,0,0,0,3,0,2,0,2,1,0,0,0,1,0,1,0,0,0,0,0,0,0,3,0,0,0,0,0,0,0,0,0,0,0,0,0,0,0,0,0,0,0,0,0,0,0,0,0,0,0,0,2,0,0,0,0,0,0,0,0,0,0,0
7c,0,non,13.32512179,13.32512179,0.0393887,-4.544647145,0.228397866,11.17142857,481.478,459.302,481.1725596,180,0,0.415933631,-0.350236865,0.415933631,0.350236865,0.8,1.4,2,19.41318802,10.02556029,2.311515386,-2.106481641,2.333504166,-2.309515946,6.015253119,-0.137086678,3.23200123,1.549921419,1321.697339,24.83828805,18.37015706,18.37015706,16.80868165,10.74170286,10.74170286,7.721026719,7.721026719,5.276788318,5.276788318,3.554832637,3.554832637,-4.47,83175060.38,23.68026681,10.20578483,5.911559152,198.2204982,4.983978521,5.693927995,0,5.907179729,5.907179729,6.176298517,31.29223996,0,13.17124514,0,36.39820241,54.44884259,17.32374656,16.93822404,22.76031951,34.09205694,0,15.83556132,0,19.01794176,10.85158279,95.68360287,0,0,21.70316559,24.54601769,0,0,16.79833798,17.39165732,0,28.03618979,78.86277189,0,10.90292493,0,98.05,17.64692974,22.76031951,0,29.82897518,22.45492476,12.13273414,6.066367068,48.53093655,12.13273414,26.68714411,0,39.97536537,0,28.18847835,0.230096915,11.84168984,-0.957983136,21.03770414,-4.565351482,0,0,0.12,35,5,7,0,0,0,2,3,1,4,0,0,4,5,10,1,8,0,0,0,0,0,6.90502022,4,5.0195,127.36,0,0,0,0,0,1,1,0,0,0,2,2,0,0,0,0,5,0,0,0,0,1,0,0,0,3,0,2,0,2,1,0,0,0,3,0,1,0,0,0,0,0,0,0,3,2,0,0,0,0,0,0,0,0,0,0,0,0,0,0,0,0,0,0,2,0,0,0,0,0,0,0,0,0,0,0,0,0,0,0,0,0,0,0,0
8,0,non,13.09908761,13.09908761,0.082639939,-0.211436235,0.358839865,10.84375,425.532,398.316,425.2103271,162,0,0.271895452,-0.350281157,0.350281157,0.271895452,0.75,1.3125,1.9375,16.15160545,10.02779084,2.189183676,-2.084834229,2.261204699,-2.161062576,6.078767745,-0.115703569,3.131002716,1.561611933,1269.007907,22.66456146,18.5815631,18.5815631,15.38505049,10.74612335,10.74612335,8.261942784,8.261942784,5.535519155,5.535519155,3.744431166,3.744431166,-3.86,19248703.36,21.37502165,9.101184119,4.887492175,187.4137799,15.61755573,5.693927995,0,5.907179729,5.907179729,0,9.589074368,0,0,0,47.02218982,69.15368712,28.6985191,0,9.589074368,34.09205694,0,4.983978521,0,33.61285484,10.63357721,94.67777171,0,0,10.63357721,11.37477255,0,0,16.79833798,11.21535881,20.7712116,39.16309277,66.73003775,0,10.90292493,0,73.99,0,9.589074368,0,18.23518108,12.11474962,44.53150345,0,0,81.43488228,21.6839228,0,0,0,28.93561703,6.872788943,7.115364134,-0.294076174,21.43685245,0.733514426,6.033272518,0,0.185185185,32,3,5,0,0,0,2,3,1,4,0,0,2,3,5,1,6,0,0,0,0,0,6.079312737,4,5.91676,130.2976,0,0,0,0,0,1,1,0,0,0,2,2,0,0,0,0,3,0,0,0,0,1,0,0,0,0,0,2,0,2,4,0,0,0,3,0,1,0,0,0,0,0,0,0,0,0,0,0,0,0,0,0,0,0,0,0,0,0,0,0,0,0,0,0,0,0,0,0,0,0,0,0,0,0,0,0,0,0,0,0,0,0,0,0,0
8x,6,broad,13.05360971,13.05360971,0.055056136,-0.503058002,0.207991016,10.76470588,497.338,479.194,496.0705104,172,0,0.271895496,-0.350274561,0.350274561,0.271895496,0.882352941,1.470588235,2.058823529,35.49678523,10.03733621,2.20749289,-2.081550553,2.285909101,-2.160686863,6.305409623,-0.384320253,3.183877692,1.610722511,1382.877665,24.24191173,17.60120223,19.11306012,16.29573409,10.212843,10.96877194,7.481636432,8.354507993,5.159728402,5.663681033,3.524795302,3.776771617,-3.88,47378341.51,23.28397115,9.944220966,5.35959277,203.5784617,15.61755573,5.693927995,0,5.907179729,11.594566,0,19.70339264,0,0,0,23.20187978,66.58157673,50.87651987,4.923311049,14.51238542,62.981323,0,4.983978521,0,12.84164325,10.63357721,98.14700214,0,0,10.63357721,17.06215882,0,23.20187978,21.72164903,11.21535881,10.11431827,22.47273829,66.73003775,10.04526663,10.90292493,0,117.13,10.83049078,19.70339264,0,30.13013724,37.8864156,0,12.13273414,54.59730362,0,15.61755573,23.20187978,0,11.77416885,39.40748697,18.43598172,2.30489705,-0.707918871,17.60139772,0.239542108,0,0,0.083333333,34,3,8,0,0,0,2,3,1,4,0,0,4,3,10,1,7,0,0,0,0,0,6.810028063,4,6.2065,132.761,0,0,0,0,0,1,1,0,0,0,2,2,0,0,0,1,3,0,0,0,0,1,0,0,0,0,0,2,0,2,1,0,0,0,3,0,1,0,0,0,0,0,0,0,2,0,0,0,0,0,0,0,0,0,0,0,0,0,1,1,1,0,0,0,0,0,0,0,0,0,0,0,0,0,0,0,0,0,0,0,0,0,0,0,0
9a,1,specific,12.78206971,12.78206971,0.004918273,-0.290787457,0.873509103,14.43478261,334.803,315.651,334.1084201,122,0,0.305341838,-0.468986968,0.468986968,0.305341838,1.304347826,2.043478261,2.739130435,35.49569152,10.04634818,2.248508058,-2.14968471,2.281260134,-2.283332158,6.309806785,-0.140064878,3.192428934,2.002164286,747.621591,16.39697675,13.02461443,13.78054338,11.09655545,7.760805945,8.138770418,5.743899235,6.180335016,4.282116255,4.517213358,3.06960508,3.241708104,-2.01,264448.0432,15.86938455,6.62366093,3.196267615,139.1005653,14.62075121,5.693927995,0,0,5.907179729,5.969305288,9.589074368,0,0,0,11.60093989,43.02501757,35.43589268,7.109797541,14.32593732,34.38034984,0,9.883888252,0,25.68328649,20.19931035,34.47911401,0,0,0,0,0,11.60093989,41.95968362,15.95222176,0,35.31438154,18.19910121,5.022633314,10.90292493,0,62.4,0,9.589074368,0,18.29730664,17.13738293,42.39753248,7.109797541,6.066367068,17.03264387,4.983978521,16.33780284,4.713892178,6.095721757,29.33859999,1.499944019,2.258965262,-0.29570573,5.481566752,2.752734739,1.56626272,1.365796088,0.411764706,23,1,5,0,1,1,1,1,1,2,0,0,3,1,6,2,4,0,1,1,0,0,4.570148802,3,3.1629,88.7832,0,0,0,0,0,1,1,0,0,0,2,2,0,0,0,1,1,0,0,0,1,1,0,0,0,0,0,1,0,0,1,0,0,0,1,0,1,0,0,0,1,1,0,0,1,0,0,0,0,0,0,0,0,0,0,1,0,0,0,0,0,0,0,0,0,0,0,0,0,0,0,0,0,0,0,0,0,0,0,0,0,0,0,0,0
9b,1,specific,12.87929193,12.87929193,0.078251606,-0.30912079,0.85939795,14.83333333,350.802,331.65,350.1033348,128,0,0.305341838,-0.468986968,0.468986968,0.305341838,1.333333333,2.083333333,2.791666667,35.49569158,10.04452484,2.243548464,-2.263732734,2.276664165,-2.407217322,6.309807286,-0.140065134,2.969861276,1.977849927,765.2814692,17.10408353,13.43286273,14.18879167,11.59655545,7.838156215,8.216120688,5.64916489,6.08560067,4.18713781,4.422234913,2.915825657,3.087928681,-2.05,387555.0171,16.79544611,7.234195983,3.393050295,144.2141105,19.35761416,5.693927995,0,0,5.907179729,5.969305288,9.589074368,0,0,0,11.60093989,30.18337432,35.43589268,20.32356147,19.06280028,34.38034984,0,9.883888252,0,12.84164325,33.41307428,34.47911401,0,0,0,0,0,11.60093989,55.17344755,20.68908471,0,22.47273829,18.19910121,5.022633314,10.90292493,0,71.63,0,9.589074368,0,18.29730664,43.44065967,16.46637642,7.109797541,10.9662768,12.13273414,4.983978521,21.0746658,10.01532406,6.100772262,29.35058967,1.452964853,2.141978537,-0.387372396,5.429529715,0.622804233,2.195807424,1.355379421,0.411764706,24,1,6,0,1,1,1,1,1,2,0,0,4,1,7,2,4,0,1,1,0,0,5.062564531,3,2.3993,90.3682,0,0,0,0,0,1,1,0,0,0,2,2,0,0,0,1,1,0,0,0,0,1,0,0,0,0,0,1,0,0,1,0,0,0,1,0,1,0,0,0,1,2,0,0,1,0,0,0,0,0,0,0,0,0,0,1,1,0,0,0,0,0,0,0,0,0,0,0,0,0,0,0,0,0,0,0,0,0,0,0,0,0,0,0,0
10,0,non,12.68127882,12.68127882,0.014140212,-0.87875042,0.908866902,14.68181818,320.776,303.64,320.0927701,116,0,0.303179568,-0.481221925,0.481221925,0.303179568,1.272727273,2,2.681818182,35.49569147,10.04681891,2.247194459,-2.148599608,2.280200658,-2.283146991,6.309800153,-0.136472275,3.115202321,2.042527019,732.3113003,15.68986997,12.06357974,12.81950869,10.55855065,7.372040307,7.75000478,5.561505165,5.997940946,4.064186681,4.299283784,2.972413671,3.144516695,-2.01,149900.4205,14.90775562,6.005633304,2.809849318,132.4163117,14.99041565,5.693927995,0,0,5.907179729,5.969305288,9.589074368,0,0,0,11.60093989,43.02501757,35.43589268,0,14.69560176,34.38034984,0,9.883888252,0,25.68328649,13.08951281,34.47911401,0,0,0,0,0,11.60093989,39.95641348,11.21535881,0,35.31438154,18.19910121,5.022633314,10.90292493,0,73.4,5.969305288,9.589074368,0,12.32800135,17.13738293,42.39753248,0,12.13273414,10.9662768,4.983978521,16.70746729,0,6.043746448,28.54963591,10.35073007,2.059770723,-0.929480768,5.360619646,2.328221424,1.514534325,0,0.375,22,2,5,0,1,1,1,1,1,2,0,0,2,2,6,2,4,0,1,1,0,0,4.069568802,3,3.0745,84.403,1,0,0,0,0,1,1,0,1,1,2,1,0,0,0,1,1,0,0,0,1,1,0,0,0,0,0,1,0,0,1,0,0,0,1,0,1,0,0,0,0,0,0,0,1,0,0,0,0,0,0,0,0,0,0,0,0,0,0,0,0,0,0,0,0,0,0,0,0,0,0,0,0,0,0,0,0,0,0,0,0,0,0,0,0
11a,1,specific,13.03858562,13.03858562,0.011174204,-0.121970375,0.578448048,13.79310345,430.335,409.167,429.1010823,150,0,0.270088114,-0.350284511,0.350284511,0.270088114,1,1.689655172,2.413793103,35.49678469,10.04120543,2.249077592,-2.151704329,2.283795205,-2.284096548,6.31127505,-0.115703812,3.354989084,1.563133119,1053.854667,20.38010441,15.80373169,17.31558959,14.00804039,9.658782951,10.4147119,7.222835982,8.095707543,5.205361904,5.692435322,3.735721555,4.033812737,-2.5,5916254.851,19.80077564,8.474117647,4.41142611,178.5323005,15.20067686,5.693927995,0,5.907179729,5.907179729,0,9.589074368,0,0,0,23.20187978,67.29048584,46.14591227,0,9.589074368,51.60655045,0,9.883888252,0,25.68328649,18.40630142,63.76721559,0,0,5.316788604,5.687386275,0,23.20187978,34.78776052,11.21535881,0,35.31438154,42.46456948,10.04526663,10.90292493,0,65.2,0,9.589074368,0,18.23518108,27.84740252,42.39753248,0,30.33183534,17.03264387,10.30076712,23.20187978,0,12.07326681,30.61204476,4.968970294,2.938805347,-0.133144579,12.48330844,2.740384597,1.538586553,0,0.272727273,29,2,5,0,1,1,2,2,1,3,0,0,2,2,7,2,5,0,1,1,0,0,5.786003527,4,5.282,116.8489,0,0,0,0,0,1,1,0,0,0,2,2,0,0,0,1,2,0,0,0,1,1,0,0,0,0,0,2,0,1,1,0,0,0,2,0,1,0,0,0,0,0,0,0,2,0,0,0,0,0,0,0,0,0,0,0,0,0,0,0,0,0,0,0,0,0,0,0,0,0,0,0,0,0,0,0,0,0,0,0,0,0,0,0,0
11b,3,broad,13.1913634,13.1913634,0.004507538,-0.120303708,0.532538002,14.13333333,444.362,421.178,443.1167323,156,0,0.270088097,-0.350284511,0.350284511,0.270088097,0.966666667,1.666666667,2.4,35.49678479,10.03179397,2.241723544,-2.262656054,2.283409835,-2.358538196,6.311277395,-0.115704208,3.11323441,1.560297642,1069.991785,21.08721119,16.51083848,18.02269637,14.50804039,10.15878295,10.9147119,7.576389373,8.449260934,5.455361904,5.942435322,3.912498251,4.210589432,-2.5,8650109.355,20.75987638,9.106420927,4.62952741,184.8972427,15.20067686,5.693927995,0,5.907179729,5.907179729,0,9.589074368,0,0,0,23.20187978,73.71130746,46.14591227,0,9.589074368,51.60655045,0,9.883888252,0,32.10410811,18.40630142,63.76721559,0,0,5.316788604,5.687386275,0,23.20187978,34.78776052,11.21535881,0,41.73520316,42.46456948,10.04526663,10.90292493,0,65.2,0,9.589074368,0,18.23518108,27.84740252,48.8183541,0,30.33183534,17.03264387,10.30076712,23.20187978,0,12.10504589,30.86193525,4.982246331,2.950597911,-0.124811245,12.51167332,3.896948213,1.538586553,0,0.304347826,30,2,5,0,1,1,2,2,1,3,0,0,2,2,7,2,5,0,1,1,0,0,6.301605756,4,5.6721,121.4659,0,0,0,0,0,1,1,0,0,0,2,2,0,0,0,1,2,0,0,0,1,1,0,0,0,0,0,2,0,1,1,0,0,0,2,0,1,0,0,0,0,0,0,0,2,0,0,0,0,0,0,0,0,0,0,0,0,0,0,0,0,0,0,0,0,0,0,0,0,1,0,0,0,0,0,0,0,0,0,0,0,0,0,0,0
12a,6,broad,13.47934526,13.47934526,0.163191203,-0.600937244,0.357083225,17.75,530.476,499.228,529.1773212,191,1,0.267736469,-0.350290729,0.350290729,0.267736469,1,1.611111111,2.25,35.49678544,9.786584275,2.462102082,-2.494883358,2.370583026,-2.619420898,6.311304564,-0.289311246,3.147597437,1.546094475,1266.160808,26.2503479,20.87511669,22.38697458,16.85301096,11.9947869,12.75071585,10.72140801,11.59427957,6.751946683,7.239020101,5.291596203,5.589687385,-2.58,70158486.38,26.48210991,10.05447059,5.700131941,220.6551456,15.61755573,5.693927995,0,5.907179729,5.907179729,0,9.589074368,0,0,10.27047075,23.20187978,94.98543464,50.17609079,0,14.79632739,51.60655045,0,15.36398485,0,70.49792662,5.316788604,63.76721559,0,0,10.63357721,5.687386275,0,23.20187978,38.98124704,16.42261183,0,63.00933034,42.46456948,10.04526663,10.90292493,0,97.13,11.0778505,14.79632739,0,24.27702191,40.68904577,21.52959415,0,36.39820241,33.76131587,15.61755573,23.20187978,0,12.17330581,29.35305983,21.78598401,1.362700775,-0.432632969,12.11913871,1.599832184,7.59416721,0,0.407407407,36,3,7,0,1,1,2,2,1,3,0,0,3,3,9,2,6,0,1,1,0,0,7.396210981,4,6.1429,142.8831,0,0,0,0,0,1,1,0,0,0,2,2,0,0,0,1,3,0,2,0,0,1,0,0,0,0,0,2,0,1,1,0,0,0,2,0,1,0,0,0,0,0,0,0,2,0,0,0,0,0,0,0,0,0,0,0,0,0,0,0,0,0,0,0,0,0,0,0,0,1,0,0,0,0,0,0,0,0,0,0,0,0,0,0,0
12b,0,non,13.31816612,13.31816612,0.001274436,-0.589941874,0.349609808,18.91666667,530.476,499.228,529.1773212,191,1,0.267530415,-0.350409341,0.350409341,0.267530415,1.055555556,1.722222222,2.361111111,35.49678544,9.867267124,2.517298447,-2.333418117,2.430299936,-2.475814565,6.311292521,-0.247715423,3.248864239,1.506001041,1284.160808,26.2503479,20.87511669,22.38697458,16.87988441,11.9947869,12.75071585,10.59507619,11.46794775,7.152530462,7.639603881,5.176437401,5.474528583,-2.58,78389895.91,26.48210991,10.05447059,5.39381243,220.6551456,15.61755573,5.693927995,0,5.907179729,5.907179729,0,9.589074368,0,0,10.27047075,23.20187978,94.48251906,50.67900637,0,14.79632739,51.60655045,0,15.36398485,5.917906046,58.03526417,11.86154501,63.76721559,0,0,10.63357721,5.687386275,0,23.20187978,39.48416262,16.42261183,5.917906046,56.58850872,42.46456948,10.04526663,10.90292493,0,97.13,11.0778505,14.79632739,0,24.15308713,40.81298055,21.52959415,0,36.39820241,33.76131587,15.61755573,23.20187978,0,12.15589977,29.14541641,21.67814456,1.47692853,-0.44417053,12.26608273,1.208319167,8.068934929,0,0.407407407,36,3,7,0,1,1,2,2,1,3,1,0,3,3,9,2,7,0,1,1,0,1,7.396210981,4,6.0004,142.8351,0,0,0,0,0,1,1,0,0,0,2,2,0,0,0,1,3,0,2,0,0,1,0,0,0,0,0,2,0,1,1,0,0,0,2,0,1,0,0,0,0,0,0,0,2,0,0,0,0,0,0,0,0,0,0,0,0,0,0,0,0,0,0,0,0,0,0,0,0,0,0,0,0,0,0,0,0,0,0,0,0,0,0,0,0
13,6,broad,14.1929315,14.1929315,0.028657129,-0.573308738,0.158167167,16.16326531,722.097,684.801,720.2023461,255,1,0.272120603,-0.330023363,0.330023363,0.272120603,0.836734694,1.408163265,2.020408163,35.49788061,9.788141622,2.466551864,-2.492023029,2.420074781,-2.579265997,6.314235085,-0.292586358,3.630651269,1.357704942,1984.858748,35.08684671,27.63579367,29.90358051,23.19634755,16.01213567,17.14602909,13.76207161,15.07137896,8.999350713,9.738400446,6.915874068,7.339953407,-3.93,63509550135,34.91551694,13.76328415,7.635606573,299.4428488,15.20067686,11.38785599,0,5.907179729,5.907179729,0,9.589074368,4.681802935,0,15.36915256,40.01620477,119.2509029,54.84426955,18.78344081,14.79632739,68.89487661,0,24.62418721,0,77.04268303,10.63357721,104.9460887,0,0,10.63357721,11.37477255,0,34.80281967,47.51639718,22.96736824,0,74.74509916,72.92688132,15.06789994,10.90292493,0,116.98,11.0778505,14.79632739,0,37.24259994,56.23562322,10.90292493,5.063217725,54.59730362,55.27342909,20.94564411,34.80281967,3.73182621,18.60837104,27.29978812,31.4334818,2.491971944,-0.575285953,19.16091706,3.487482627,8.028113816,0,0.333333333,49,2,10,0,1,1,2,3,2,5,0,0,7,2,13,3,9,0,1,1,0,0,9.807187361,6,8.6045,192.8344,0,0,0,0,0,4,0,0,0,0,2,2,0,0,0,5,2,0,2,0,0,0,0,0,0,0,0,2,0,2,1,0,0,0,3,0,1,0,0,0,0,0,0,0,3,0,0,0,0,0,0,0,0,0,0,0,0,0,0,0,0,0,0,0,0,0,0,0,0,1,0,0,0,0,0,0,0,0,0,0,0,0,0,0,0
14,2,specific,14.5072926,14.5072926,0.019521762,-4.822470264,0.281221057,17.38095238,607.093,570.805,606.234644,227,1,0.418009617,-0.465960747,0.465960747,0.418009617,1.047619048,1.666666667,2.238095238,35.49569283,9.786503476,2.467444894,-2.495165341,2.437373591,-2.619877103,6.322662439,-0.289312278,3.179069782,1.920704761,1449.816882,31.03480495,24.40072109,25.15665003,19.56353449,13.95161831,14.32958279,12.01607494,12.42327507,7.774011306,8.0889817,6.288165825,6.552793879,-3.08,884892090,31.84688363,11.89480471,6.452764444,248.0819085,14.62075121,5.693927995,0,0,5.907179729,12.14560381,9.589074368,0,13.17124514,10.27047075,41.93277523,77.14078799,40.98819429,17.19296677,32.70443549,34.38034984,0,14.94710598,0,90.14271875,6.606881965,69.87148526,0,0,5.316788604,13.17124514,0,11.60093989,45.23337569,33.88052971,0,81.05997052,42.46456948,5.022633314,10.90292493,0,83.47,45.75855967,27.96757254,0,48.15358603,12.84164325,10.62666922,12.13273414,51.31851978,18.19910121,5.316788604,16.33780284,50.13073045,6.150034426,26.53895644,16.25473839,-1.572875798,-1.170456421,11.31613946,-4.51587609,9.06305359,0,0.483870968,42,1,7,0,1,1,1,2,1,3,0,0,5,1,11,2,8,0,1,1,0,0,9.019344316,4,6.9544,153.6197,0,0,0,0,0,1,0,0,0,0,2,2,0,0,0,2,1,0,2,0,0,0,0,0,0,3,0,1,0,0,1,0,0,0,2,0,1,0,0,0,1,1,0,0,4,0,0,0,0,0,0,0,0,0,0,0,0,0,0,0,0,0,0,0,0,0,0,0,0,1,0,0,0,0,0,0,0,0,0,0,0,0,0,0,0
15,4,broad,14.36184163,14.36184163,0.027372816,-4.850946345,0.335603258,17.725,579.039,546.783,578.2033438,215,1,0.418009617,-0.481221925,0.481221925,0.418009617,1.05,1.65,2.2,35.49569273,9.786503913,2.46726728,-2.49516413,2.436917557,-2.619876602,6.322650251,-0.289312278,3.128943355,1.929519922,1416.032302,29.62059139,22.73257961,23.48850856,18.52552968,12.97531905,13.35328352,11.60479232,12.01199244,7.478427427,7.793397821,6.059880067,6.324508121,-3.08,319985872.9,29.89188365,10.7204068,5.843423131,235.0327128,14.99041565,5.693927995,0,0,5.907179729,12.14560381,9.589074368,0,13.17124514,10.27047075,41.93277523,70.21705079,40.98819429,10.58608481,33.07409993,34.38034984,0,14.94710598,0,83.21898155,0,69.87148526,0,0,5.316788604,13.17124514,0,11.60093989,43.73302112,29.14366676,0,74.13623332,42.46456948,5.022633314,10.90292493,0,94.47,52.1793813,33.07409993,0,35.12588245,12.84164325,16.69303629,10.63346672,58.02678414,0,5.316788604,11.60093989,44.58727847,6.075611918,25.56046493,25.42091405,-1.89610927,-1.842650955,11.08450112,-4.987546615,7.191980792,0,0.448275862,40,2,7,0,1,1,1,2,1,3,0,0,4,2,11,2,7,0,1,1,0,0,8.011328816,4,6.4759,144.6225,1,0,0,0,0,1,0,0,1,1,2,1,0,0,0,2,1,0,2,0,0,0,0,0,0,3,0,1,0,0,1,0,0,0,2,0,1,0,0,0,0,0,0,0,4,0,0,0,0,0,0,0,0,0,0,0,0,0,0,0,0,0,0,0,0,0,0,0,0,1,0,0,0,0,0,0,0,0,0,0,0,0,0,0,0
16,2,specific,14.40461831,14.40461831,0.018484464,-4.854609051,0.261374402,17.37209302,627.084,590.796,626.2357066,235,1,0.418009626,-0.465960747,0.465960747,0.418009626,1.069767442,1.697674419,2.279069767,35.4956929,9.788142195,2.468410508,-2.492022685,2.44334084,-2.579265658,6.322485906,-0.292586366,3.478518036,1.851982055,1496.167619,31.90504844,25.04831587,25.80424481,20.01222289,14.13084535,14.50880982,11.92427587,12.331476,7.739403768,8.054374162,6.2001925,6.464820554,-3.16,1510839849,32.74755256,12.08397445,6.530989383,252.1708108,14.04082556,11.38785599,0,0,0,18.11490909,4.794537184,9.476340119,13.17124514,15.36915256,16.81432499,78.5010737,22.88489634,48.09999026,37.44129844,34.4424754,0,24.62418721,0,97.06645595,13.21376393,45.86697,0,0,0,13.17124514,0,11.60093989,60.85441222,38.61739266,0,94.15602505,18.32957771,5.022633314,10.90292493,0,111.38,39.7788444,27.96757254,0,60.80230883,18.53557124,11.12958479,10.63346672,24.72612091,27.6949488,10.3120669,21.0746658,56.55319321,6.092045224,25.57353332,21.6868315,-2.118855671,-1.465529297,2.381158918,-2.638133983,10.63020122,0,0.586206897,43,0,10,0,1,1,0,1,2,3,0,0,9,0,14,3,9,0,1,1,0,0,9.20280438,4,6.1653,150.939,0,0,0,0,0,4,0,0,0,0,2,2,0,0,0,5,0,0,2,0,0,0,0,0,0,3,0,0,0,0,1,0,0,0,1,0,1,0,0,0,2,2,0,0,4,0,0,0,0,0,0,0,0,0,0,0,0,0,0,0,0,0,0,0,0,0,0,0,0,1,0,0,0,0,0,0,0,0,0,0,0,0,0,0,0
17,8,broad,14.2253089,14.2253089,0.01901517,-4.89246395,0.33066014,17.70731707,599.03,566.774,598.2044065,223,1,0.418009626,-0.476553861,0.476553861,0.418009626,1.170731707,1.804878049,2.365853659,35.4956928,9.788142305,2.468138527,-2.492022365,2.441956092,-2.579265624,6.322422341,-0.292586366,3.428596209,1.812851821,1462.042493,30.49083487,23.38017439,24.13610334,18.97421809,13.15454609,13.53251056,11.50895826,11.91615839,7.473198969,7.788169363,6.011877013,6.276505067,-3.16,548867893.8,30.79065332,10.91631299,5.929748646,239.1216151,14.41049,11.38785599,0,0,0,18.11490909,4.794537184,9.476340119,13.17124514,15.36915256,16.81432499,71.5773365,22.88489634,41.49310829,37.81096288,34.4424754,0,24.62418721,0,90.14271875,6.606881965,45.86697,0,0,0,13.17124514,0,11.60093989,59.35405765,33.88052971,0,87.23228785,18.32957771,5.022633314,10.90292493,0,122.38,45.4727724,33.07409993,0,48.50149887,18.53557124,11.12958479,10.63346672,17.80238371,27.6949488,10.3120669,16.33780284,50.43787994,5.999635673,24.59504181,31.47929872,-2.809450394,-2.137723831,2.218989595,-2.929305208,8.840078145,0,0.555555556,41,1,10,0,1,1,0,1,2,3,0,0,8,1,14,3,8,0,1,1,0,0,8.198058751,4,5.6868,141.9418,0,0,0,0,1,4,0,0,1,1,2,1,0,0,0,5,0,0,2,0,0,0,0,0,0,3,0,0,0,0,1,0,0,0,1,0,1,0,0,0,1,1,0,0,4,0,0,0,0,0,0,0,0,0,0,0,0,0,0,0,0,0,0,0,0,0,0,0,0,1,0,0,0,0,0,0,0,0,0,0,0,0,0,0,0
